video_id,title,published_at,channel_title,view_count,like_count,comment_count,tags,duration_parsed,time_bucket,is_weekend,engagement_rate,views_per_day,tag_count
SixTbTc6YCg,"ice spice, tokischa - thootie",2025-12-05 17:00:06+00:00,IceSpiceVEVO,516179,48825,2663,"['Ice Spice', 'Tokischa', '10K Projects/Capitol Records', 'Hip Hop']",2.55,Afternoon,0,9.45892800753227,516179.0,4
VI6XO8EijT4,digital circus ep 7 trailer!!,2025-12-05 20:00:28+00:00,GLITCH,4246050,432146,25506,"['glitch', 'glitch productions', 'digital circus', 'the amazing digital circus', 'murder drones', 'Pomni', 'Uzi', 'Jax', 'Ragatha', 'Kinger', 'Gangle', 'Zooble', 'Caine', 'Bubble', '3D', 'Animation', '3D Animation', 'Indie Animation', 'Gummigoo']",0.967,Evening,0,10.17760035797977,4246050.0,19
eWPZLDvRebU,5000 days - [hardcore minecraft],2025-12-05 23:00:54+00:00,Luke TheNotable,635604,47461,5484,"['luke thenotable', 'Minecraft', '100 Days', 'minecraft hardcore', 'hardcore mode', 'minecraft hardcore mode', 'hardcore minecraft survival', 'minecraft hardcore survival mode', 'and this happened', '100', '100 games', '100 days', '100 days hardcore', 'minecraft', '5000 days', 'long-form minecraft', '5000 Days Hardcore Minecraft', 'Minecraft Luke TheNotable', '100 Days Original']",120.017,Night,0,7.467070691814399,635604.0,19
FeaRXx2VDhI,top 50 christmas songs of all time 🎄 best christmas music playlist,2025-12-05 11:30:23+00:00,Christmas Songs and Carols - Love to Sing,563186,2185,122,"['top christmas song', 'christmas songs', 'top christmas songs of all time', 'top 100 christmas songs of all time', 'best christmas songs of all time', 'best christmas songs', 'top christmas songs', 'top 100 christmas songs', 'classic christmas songs', 'christmas songs playlist', 'best christmas music', 'christmas songs medley', 'top 100 christmas songs and carols', 'top 100 christmas songs and carols playlist']",139.183,Morning,0,0.3879712919000117,563186.0,14
IaEtA56pd_w,iron lung: final trailer,2025-12-05 20:48:18+00:00,Markiplier,2084361,325040,16823,"['markiplier', 'iron lung', 'iron lung movie', 'official trailer', 'movie trailer', 'iron lung trailer 3', 'final trailer', 'iron lung release date', 'iron lung markiplier', 'Caroline Kaplan', 'troy baker']",1.75,Evening,0,15.59422767937032,2084361.0,11
APJ-lT0sBhg,gta online: a safehouse in the hills coming december 10,2025-12-05 14:56:45+00:00,Rockstar Games,1219873,104149,9073,"['GTA Online', 'GTAV', 'GTA5 Online', 'GTA 5', 'GTA Online Update', 'A Safehouse in the Hills', 'PS5', 'PS4', 'PlayStation 5', 'PlayStation 4', 'Xbox Series X|S', 'Xbox One', 'PC', 'Mansions', 'Michael De Santa']",1.017,Afternoon,0,8.537692038433509,1219873.0,15
udFsogly8Us,jlexis x michael flores x shadow blow x alofoke music - me toco verte brillar,2025-12-04 22:50:53+00:00,AlofokeMusicSounds,2877530,263049,22108,"['Bad Bunny', 'Dembow', 'Reggaeton', 'Karol G', 'Anuel AA', 'Trap', 'Rap', 'Salsa', 'Merengue', 'Feid', 'Santiago Matias', 'W Sound', 'Rochy RD', 'Yailin La Mas Viral', 'El Alfa', 'Bulin 47', 'Romeo Santos', 'Anthony Santos']",3.067,Night,0,9.141485927166702,2877530.0,18
XRRnP91SSrQ,welcome home | poppy playtime chapter 5 cinematic trailer,2025-12-05 16:00:21+00:00,Mob Entertainment,1787749,161233,11924,['NaN'],0.967,Afternoon,0,9.018771650830178,1787749.0,1
2teag5QC7NA,nice life: episode 1 - it's a wonderful life,2025-12-05 17:00:05+00:00,Grian,1156114,93163,6029,"['Minecraft', 'Grian', 'building', 'grian', 'mincraft', 'tutorial', 'yt:quality=high', 'minecraft', 'ideas', 'creative', 'build']",45.85,Afternoon,0,8.058288369486053,1156114.0,11
Y_pkE7TFKuE,christmas songs playlist 🎄 top christmas songs of all time 🎅 classic christmas music,2025-12-05 11:00:07+00:00,Revive Music,130102,2026,33,['NaN'],186.183,Morning,0,1.557239704232064,130102.0,1
xNCQrRcc_iE,things you missed in the amazing digital circus episode 7's trailer,2025-12-05 22:03:22+00:00,Ayy Lmao,175822,10492,968,"['digital circus episode 7', 'digital circus episode 7 info', 'digital circus episode 7 news', 'digital circus episode 7 leaks', 'digital circus episode 7 teaser', 'digital circus episode 7 script', 'digital circus episode 7 ribbit', 'digital circus episode 7 trailer', 'amazing digital circus episode 7', 'digital circus episode 7 spoiler', 'digital circus episode 7 sneak peek', 'digital circus episode 7 countdown', 'the amazing digital circus episode 7', 'digital circus episode 7 screenshot']",4.767,Night,0,5.967398846560727,175822.0,14
pt1CvOJ6hHA,🔴live | arc raiders | freak bob friday | #shartinmymouth #bungulate,2025-12-06 10:13:46+00:00,TheBurntPeanut,587096,11152,96,"['funny', 'escape from tarkov', 'tarkov']",512.7,Morning,1,1.8995189883766879,587096.0,3
ph09xSEvw7w,glorilla - march (official music video),2025-12-05 05:00:06+00:00,GloRillaVEVO,483910,20114,1594,"['GloRilla', 'Foundation ISR PS', 'Hip Hop']",3.2,Late Night,0,4.15655803765163,483910.0,3
sItUCKJQLTU,a knight of the seven kingdoms | official final trailer | hbo max,2025-12-04 20:53:14+00:00,HBO Max,5581758,56655,3727,"['hbo max', 'ser duncan the tall', 'a knight of the seven kingdoms hbo', 'george r.r. martin', 'dunk and egg', 'a knight of the seven kingdoms hbo max', 'a knight of the seven kingdoms trailer hbo', 'game of thrones', 'peter claffey', 'dexter ansell', 'a knight of the seven kingdoms trailer', 'dunk', 'egg', 'westeros', 'a song of ice and fire', 'house targaryen', 'game of thrones new series', 'a knight of the seven kingdoms game of thones', 'GoT', 'game of thrones new show', 'peter claffey dunk', 'finn bennett', 'knight', 'AKOTSK']",2.533,Evening,0,1.0150028001930573,5581758.0,24
oWpvD3aTdo8,this is one of the best horror games this year…,2025-12-05 23:01:11+00:00,CaseOh,342214,13291,825,"['gaming', 'caseoh', 'caseohgames', 'case', 'funny', 'streamer', 'horror', 'horror gaming', 'scary', 'jumpscare']",164.117,Night,0,3.8838270789622866,342214.0,10
h6AI0ay__10,"screwly g - ""codeine"" (official video)",2025-12-06 02:01:00+00:00,Screwly G,56961,5949,362,"['ScrewlyG', 'Screwly', 'TIYGangAce', 'TTa', 'Stk']",2.833,Late Night,1,10.443987991783853,56961.0,5
F77oqQjhWmI,"gta 5 - mansion dlc trailer 2 breakdown! (michael, pets, new cars, & more!) a safehouse in the hills",2025-12-05 19:38:32+00:00,Digital Car Addict,90651,4645,842,"['Grand Theft Auto V', 'GTA Online', 'GTA 5', 'gta v', 'gta san andreas', 'gta 6', 'gta 5 online', 'gta car predictions', 'gta 2025 december dlc', 'gta mansion dlc', 'gta 2025 mansion dlc', 'gta leaked info 2025 mansion']",13.567,Evening,0,5.124047169915389,90651.0,12
n4tLHc8EeZA,brave take on five nights at freddy's 2 movie,2025-12-05 23:15:03+00:00,penguinz0,856878,45357,4306,['NaN'],18.533,Night,0,5.293285625258204,856878.0,1
88xDzqhaPTg,baky - legend (official music video),2025-12-06 00:00:06+00:00,Baky Popile Official,135339,14755,3929,"['Baky', 'Popile', 'Baky Popile', 'Baky Popile Official', 'Haitian Music', 'Haiti', 'Baky Popile Music', 'Baky Popile Videos', 'Baky Popile music videos', 'Baky Music', 'Baky videos', 'Baky Haiti', 'Baky music videos', 'Konpa', 'Kompa', 'world cup', 'Haiti national team', 'federation nationale Haiti', 'Haiti soccer', 'caribbean music', 'west indian music', 'zouk', 'french caribbean music']",3.1,Late Night,1,10.902252861333391,135339.0,23
W4F4oIPWDyQ,chapter 5's new trailer is crazy...,2025-12-05 16:01:09+00:00,Sheeprampage,181601,8393,909,['NaN'],11.567,Afternoon,0,4.621670585514397,181601.0,1
RXR5j7XUuwM,we played another anomaly game...,2025-12-05 20:57:01+00:00,SMii7Y,679899,43290,1197,"['smii7y', 'smii7yplus', 'smii7y+', 'smii7y plus', 'exit together', 'exit together gameplay', 'exit together game', 'steam exit together', 'exit together demo', 'exit together all puzzles', 'anomaly game', 'anomaly games', 'scary anomaly game', 'horror game', 'anomaly', 'indie horror game', 'horror games', 'scary game']",27.867,Evening,0,6.367122175499597,679899.0,18
gy_Kl3YsG4E,polo g & g herbo - gangsta graduation (official video),2025-12-05 05:00:07+00:00,Polo G,235928,19329,1207,"['Polo G', 'PoloG', 'Polo G New Song', 'Polo G New Video', 'G Herbo', 'GHerbo', 'G Herbo New Song', 'G Herbo New Video', 'Polo Capalot', 'Hood Poet', 'polo g black hearted', 'polo g hood poet', 'polo g smooth criminal', 'polo g tiktok']",3.367,Late Night,0,8.192753721474348,235928.0,14
4DUqxylaOJ4,lily lovebraids reveal!! (poppy playtime chapter 5 “welcome home” reaction),2025-12-05 16:01:34+00:00,Thinknoodles,371010,9356,1203,"['poppy playtime', 'poppy playtime chapter 5', 'chapter 5']",8.933,Afternoon,0,2.521764911996981,371010.0,3
UFncQxMlXY0,opening 100 festive lucky blocks in steal a brainrot..,2025-12-05 19:42:29+00:00,CaylusBlox,1492026,28400,4026,"['caylusblox', 'caylus roblox', 'caylus', 'caylus gaming', 'caylus infinite', 'infinite lists', 'calus', 'callus', 'calis', 'roblox', 'caylus horror', 'caylus scary', 'caylus scariest', 'caylus scary myths', 'caylus creepy', 'caylus roblox horror', 'caylus roblox scary', 'Opening 100 FESTIVE LUCKY BLOCKS in Steal a Brainrot..', 'caylus aura', 'caylus steal a brainrot', 'caylus lucky blocks', 'caylus foltyn']",11.217,Evening,0,1.9034520846151475,1492026.0,22
dDwoyrVcbEo,alex torres x luis r conriquez x anuel aa - por si se les olvidaba (remix) [video oficial],2025-12-05 06:00:06+00:00,Alex Torres,500617,37976,1914,"['alex torres', 'alex torres oficial', 'alex torres musica', 'alex torres videos', 'regional mexicano', 'sierreño', 'música mexicana', 'luis r conriquez', 'anuel aa', 'por si se les olvidaba', 'por si se les olvidaba remix', 'alex torres por si se les olvidaba remix', 'alex torres por si se les olvidaba remix video', 'alex torres por si se les olvidaba remix video oficial', 'alex torres por si se les olvidana remix oficial', 'luis r conriquez oficial', 'luis r conriquez musica', 'luis r conriquez canciones']",2.983,Morning,0,7.5858390745819655,500617.0,18
XXaNLM2XZDc,*new* lily lovebraid is here.. chapter 5 monster revealed! - poppy playtime chapter 5 welcome home,2025-12-05 16:01:08+00:00,FusionZGamer,129145,6542,716,['poppy playtime chapter 5'],12.85,Afternoon,0,5.06562391110767,129145.0,1
sYVNkm3QPFE,dont trust the wrong shapes..,2025-12-06 00:33:00+00:00,Tyler & Snowi,613444,23634,334,"['roblox', 'funny moments', 'tyler and snowi', 'tyler', 'snowi', 'tyler & snowi', 'save the shapes', 'save the shapes ending', 'save the shapes horror', 'save the shapes horror game', 'save the shapes endings', 'save the shapes game', 'save the shapes scary game', 'save the shapes final ending', 'save the shapes all endings', 'save the shape', 'story', 'scary story', 'funny', 'moments', 'mascot horror', 'shapes', 'mascot horror game', 'horror game', 'All endings', 'shape', 'secret ending', 'secrets', 'all endings', 'lore', 'cousins', 'save', 'the', 'dog']",23.533,Late Night,1,3.8526744087479865,613444.0,34
YwotQqGa_C8,a boogie wit da hoodie - last drink [official music video],2025-12-05 05:00:08+00:00,A Boogie Wit da Hoodie,229947,11689,695,"['artisthbtl', 'a boogie wit da hoodie', 'a boogie', 'hoodie szn', 'look back at it', 'the bigger artist', 'artist', 'highbridge', 'highbridge the label', 'atlantic', 'atlantic records', 'drowning', 'keke', 'beast mode', 'jungle', 'kodak black', 'me vs myself', 'take shots', 'tory lanez', 'kai cenat', 'goat', 'tiktok', 'don q', 'artist 2.0', 'A Boogie Wit da Hoodie - Last Drink [Official Music Video]', 'a boogie wit da hoodie last drink', 'last drink a boogie wit da hoodie', 'last drink', 'a boogie last drink', 'last drink a boogie']",2.8,Late Night,0,5.083345292610906,229947.0,30
OPbEC8EUhuI,*new* episode 7 trailer is crazy! - the amazing digital circus,2025-12-05 22:42:36+00:00,AmaDiCi,78280,3048,358,"['amazing digital circus', 'The Amazing Digital Circus: PILOT', 'GLITCH', 'The Amazing Digital Circus', 'pomni', 'caine', 'zooble', 'ragatha', 'jax', 'kaufmo', 'kinger', 'gangle', 'Pomni', 'the amazing digital circus', 'The Amazing Circus', 'new character digital circus', 'episode 4', 'episode 4 tadc', 'the amazing digital circus episode 4', 'episode 4 jax', 'episode 4 trailer', 'new character episode 4', 'new episode 4', 'new episode 4 tadc', 'episode 4 hidden details', 'episode 5 leaks', 'episode 5 news', 'episode 5']",8.55,Night,0,3.893714869698518,78280.0,28
sU4cSQFgMF8,living in my enemy's walls...,2025-12-05 17:39:53+00:00,JudeLow,1041245,58085,4650,"['judelow base', 'judelow trap base', 'trapped base judelow', 'judelow living in the walls', 'living in the walls', 'living in players walls', 'living in minecraft players walls', 'judelow tai arrow cannon', 'tai arrow cannon', 'living in rust players walls', 'living under players floor', 'living under peoples base', 'living in peoples bases', 'judelow edit', 'judelow bases', 'judelow living in bases', 'rust living in bases', 'living inside their walls', 'judelow lives in walls', 'living under base', 'livinin wall']",18.95,Afternoon,0,5.578418143664556,1041245.0,21
OkqgLqs0L_o,tommy lee sparta - dirth day | official music video,2025-12-04 22:14:46+00:00,TommyLeeSpartaVEVO,574296,39409,7359,"['dancehall', 'reggae', 'onerpm', 'Music', 'official', 'audio', 'video', 'jamaica', 'reggae music', 'dancehall 2025 mix', 'new music', 'trop life', 'dancehall music', 'reggae 2025', 'trending', 'jamaican', 'caribbean music', 'trinidad and tobago', 'trap', 'best dancehall', 'trending music', 'YouTube music', '2025', 'Dirth Day']",4.917,Night,0,6.862140777578113,574296.0,24
b-yiTAKbCKc,"warhammer 40,000: dawn of war iv story trailer | warhammer",2025-12-04 22:00:47+00:00,Warhammer,729829,42807,3341,"['Games Workshop', 'Citadel Miniatures', 'Warhammer Age of Sigmar', 'Warhammer 40000', 'Forge World', 'Black Library', '40K', 'AoS', 'GW', 'Astartes', 'Space marine', 'Tow', 'The Old world', 'Middle earth strategy battle game', 'lord of the rings', 'the hobbit', 'warhammer underworlds', 'necromunda', 'the horus heresy', 'legions imperialis', 'age of darkness', 'total war', 'space marine', 'space marine 2', 'Warhammer Fantasy']",2.4,Night,0,5.865346540079937,729829.0,25
l2i-x15edpE,🟥 #1 entertaining 2k streamer 🟥 100 game win streak! 🟥 best build! 🟥 best sigs 🟥 best animations! 🟥,2025-12-06 13:18:05+00:00,YoThatsEJ,62653,779,1,"['NBA 2K22', '2K22', ""the power of a 5'7 slasher 2k22"", '1v1 stage 2k22', ""5'7 glitchy build 2k22"", 'shortest myplayer 2k22', '5 foot 7 slasher 2k22', '5 foot 7 dunk 2k22', ""5'7 slasher 2k22"", ""5'7 contact dunk 2k22"", ""i made a 5'7 slasher nba 2k22"", ""I made a 5'7 SLASHER and BROKE NBA 2K22"", ""5'7 slasher contact dunk 2k22"", 'best jumpshot nba 2k22', 'best build nba 2k22', 'nba 2k22 current gen', 'tiny slasher 2k22', '2k22', 'contact dunk 2k22', '2K', 'YoThatsEJ', '2k23', 'ishowspeed', 'Adin Ross', 'Kai Cenat', 'Jynxzi', 'Plaqueboymax']",412.867,Afternoon,1,1.2433562638660558,62653.0,27
GqMDvkLla5s,"aerosmith, yungblud, lainey wilson - wild woman",2025-12-05 05:00:22+00:00,AerosmithVEVO,139931,8905,605,"['Aerosmith', 'YUNGBLUD', 'Lainey Wilson', 'Queen of Denial', 'Inc.', 'Rock', 'One More Time', 'Wild Woman', 'Thousand Days', 'Problems', 'Back In the Saddle', 'My Only Angel', 'Angel', 'Rock and Roll', 'Steve Martin', 'Ozzy Osbourne', 'Rock music', 'country music', 'country', 'VMAs', 'Grammy', 'Grammys', 'Zombie', 'Idols', 'OMT', 'Changes', 'Steven Tyler', 'Joe Perry', 'Steven', 'Joe', 'Dominic Harrison', 'Dom']",3.45,Late Night,0,6.363850755014972,139931.0,32
zNSOjQPgk_k,'line of contact' update trailer / war thunder,2025-12-04 22:55:42+00:00,War Thunder. Official channel.,514213,43435,5459,"['war thunder', 'wt', 'war thunder update', 'war thunder trailer', 'trailer', 'update']",3.567,Night,0,8.446888740658054,514213.0,6
4Fuu8ge1utI,exploring the security breach mod that brings back cut content,2025-12-05 20:00:06+00:00,AstralSpiff,376773,23339,1069,['NaN'],69.517,Evening,0,6.194445992679942,376773.0,1
Ba7MivcRnO8,los parras - especial - (video oficial),2025-12-05 18:00:06+00:00,Los Parras,222912,32684,2876,"['Los Parras', 'alta consigna', 'los perdidos de sinaloa', 'los plebes del rancho', 'corridos', 'virlan garcia', 'crecer german', 'christian nava']",2.983,Evening,0,14.662288257249498,222912.0,8
wMYgJ3ZYUmg,michael in gta online?! mansions dlc – full trailer & announcement breakdown!,2025-12-06 09:39:43+00:00,DarkViperAU,57509,4649,343,"['darkviperau', 'darkviper']",34.683,Morning,1,8.083952077066197,57509.0,2
LF_C-34irqs,optic texas vs riyadh falcons!! scump watch party - cdl 2026 major 1 qualifiers week 1,2025-12-06 00:45:58+00:00,Scump,350460,5284,50,['NaN'],308.367,Late Night,1,1.507732694173372,350460.0,1
tOCwWkx9AWQ,peysoh - been did (official video),2025-12-06 03:01:07+00:00,Peysoh,25547,3183,200,['NaN'],2.683,Late Night,1,12.459388577915215,25547.0,1
v7gLVdekAjo,the amazing digital circus episode 7 trailer: all glitches explained!,2025-12-06 00:15:51+00:00,Cartoon Universe,42518,2322,284,"['DIGITAL CIRCUS EPISODE 7', 'AMAZING DIGITAL CIRCUS EPISODE 7', 'AMAZING DIGITAL CIRCUS EPISODE 7 TRAILER', 'AMAZING DIGITAL CIRCUS EPISODE 7 TEASER', 'amazing digital circus caines office', 'amazing digital circus ribbit', 'amazing digital circus trailer breakdown']",8.117,Late Night,1,5.461216425984289,42518.0,7
kSk_r2yPWNI,madden brought back superstar ko! (the greatest game mode ever!),2025-12-05 23:39:27+00:00,MMG,246413,9602,447,['mmg'],22.2,Night,0,3.89670999500838,246413.0,1
Av4AsFPeQ9E,"lil baby, playboi carti, & skooly - let's do it (official music video)",2025-12-03 23:02:09+00:00,Lil Baby Official ,1518466,120427,5612,['NaN'],3.4,Night,0,7.930832827340224,759233.0,1
qFKhUJTnC-E,total war: medieval iii - announce trailer,2025-12-04 16:44:01+00:00,Total War,512098,34565,5349,"['Total War', 'warhammer', 'total war warhammer', 'rome total war', 'warhammer 2 total war', 'total war rome 2', 'medieval total war', 'medieval total war 2', 'three kingdoms total war', 'total war gameplay', 'shogun 2 total war', 'total war saga', 'total war warhammer gameplay', '3 kingdoms', 'new', 'gameplay', 'trailer', 'warhammer 3', 'total war warhammer 3', 'Total War PHARAOH', 'pharaoh', 'total war deep dive', 'deep dive', 'gameplay showcase', 'total war gameplay showcase']",1.567,Afternoon,0,6.74968463067616,256049.0,25
i9md0eNhMJ0,the devs have to be rage baiting [levil devil],2025-12-06 01:37:48+00:00,Joe Bart Games,175607,6634,413,['joebartolozzi'],46.75,Late Night,1,3.7777537341905503,175607.0,1
Q82xDpb0MkI,la perversa  - tu la tiene  (video oficial) @mapanegromusiic ,2025-12-04 23:23:20+00:00,La Perversa,650102,56056,19057,"['LA PERVERSA', 'La perversa', 'la perve', 'musica urbana dj adoni', 'El Alfa El jefe', 'La Materialista', 'La Insuperable', 'amanece bailando', 'La Perversa', 'NTG - Si Tu Quieres', 'la perversa si tu quieres', 'la perversa', 'la perversa entrevista', 'el alfa el jefe', 'la insuperable', 'la perversa y yomel el meloso', 'la perversa dembow', 'musica la perversa', 'Ellos Vienen Ellos Van la perversa', 'Amor Realengo le perversa', 'Hoy Si la perversa', 'flow sexy la perversa', 'la perversa jey one', 'jey one']",2.05,Night,0,8.62264690771602,650102.0,24
pgawZqfJy0o,poppy playtime chapter 5 - teaser trailer 2 (reaction and analysis),2025-12-05 16:14:35+00:00,SuperHorrorBro,82136,5276,367,"['Poppy Playtime', 'Poppy chapter 5', 'poppy playtime chapter 5', 'poppy playtime ch5', 'poppy playtime chapter 5 trailer', 'poppy playtime chapter 5 teaser trailer', 'Poppy Playtime chapter 5 trailer reaction', 'Poppy Playtime chapter 5 trailer analysis', 'SuperHorrorBro', 'SuperHorrorBro Poppy Playtime']",4.383,Afternoon,0,6.423492743742086,82136.0,10
uzXBGL0Z-Zo,codenames - my new favorite card game!,2025-12-06 04:36:57+00:00,VanossGaming,195019,12798,433,"['Funny Moments', 'Montage video games', 'gaming', 'Vanoss', 'VanossGaming', 'Gameplay', 'Secret', 'Puncake', 'Parody', 'Comedy', 'Remix', 'Epic', 'Trolling', 'Xbox One', 'MultiplayerPS4', 'Funtage']",33.117,Late Night,1,6.56243750608915,195019.0,16
ETgx2TPPZ04,luke combs - giving her away (official studio video),2025-12-05 05:00:29+00:00,LukeCombsVEVO,146313,7690,395,"['giving her away', 'Luke combs acoustic', ""I'm giving her my name"", '15 minutes', 'fifteen Luke combs', 'my kinda Saturday night', 'Saturday night Luke combs', 'Luke combs Saturday', 'Luke combs unreleased', 'sounds like my kind of Saturday night', 'back in the saddle', ""cause I'm back in the saddle"", ""don't worry where I've been Luke"", 'who dug his way out of his grave', 'Luke combs', 'combs', 'aint no love in Oklahoma', 'twisters', 'Luke combs performance', 'fast car', 'she got the best of me']",3.65,Late Night,0,5.255855597246998,146313.0,21
pyS909TVyQY,the god slayer - gameplay trailer | ps5 games,2025-12-04 14:01:35+00:00,PlayStation,1018261,49119,3840,"['PlayStation', 'PS5', 'video games', 'next gen', 'Sony', 'the god slayer', 'gameplay', 'gameplay video', 'celestials', 'gods', 'steampunk', 'asian steampunk', 'RPG game', 'Steampunk', 'Reveal trailer', 'Open World RPG', 'Elemental combat game', 'Fantasy RPG Playstation', 'New Playstation games 2026', 'Single player RPG', 'Next gen RPG', 'avatar', 'RPG', 'fantasy', 'Story driven RPG', 'The God Slayer trailer', 'Final Fantasy', 'Celestial', 'pathea games', 'qi', 'martial arts', 'divine', 'energy', 'god fall', 'eastern', 'water', 'fire', 'metal', 'earth', 'wood']",7.65,Afternoon,0,4.823812362449313,509130.5,40
bJQ6RxuMzys,wheel of cut returns! season 3 opener!,2025-12-06 03:10:30+00:00,Meags,89273,6097,481,"['MMG', 'MMG Reacts', 'Meags', 'Meags Reacts', 'Madden Mobile Gods', 'reacting to']",28.283,Late Night,1,6.829612536825244,89273.0,6
iTTBqm6rVRs,labios compartidos - maná (letra/lyrics),2025-12-02 01:48:24+00:00,Rock Soul,317237,454,5,"['Labios Compartidos', 'Maná', 'Labios Compartidos Maná', 'Labios Compartidos letra', 'Labios Compartidos lyrics', 'Maná letra', 'Maná lyrics', 'rock latino', 'rock en español', 'pop rock', 'Maná hits', 'música romántica', 'canción icónica', 'Maná oficial', 'canción para dedicar', 'música en español', 'Musicana', 'rock mexicano', 'balada rock', 'música legendaria', 'rock clásico latino', 'canción nostálgica', 'éxitos de Maná', 'himnos del rock', 'música para enamorados', 'baladas poderosas', 'Maná en vivo']",5.267,Late Night,0,0.1431106712016568,79309.25,27
hmIlXRGSWec,power book 4 force season 3 'episode 6 trailer breakdown',2025-12-06 11:02:02+00:00,MOVIE BOT,7778,446,123,"['Power Force', 'Power Book 4 Force Season 3', 'Power Book IV Force', 'Power Book IV Force Season 3', 'Power Starz', 'Power Force Starz', 'Force Starz', 'Power Book 4 Force Finale', 'Power Book 4 Force Season 3 Finale', 'Power Book 4 Force', 'Starz Force', 'Tommy Egan', 'Tommy Egan Power', 'Power Tommy Egan', 'Power Book 4 Force Tommy Egan', 'Force Tommy Egan', 'Tommy Egan Force', 'Tommy Egan Starz', 'Tariq St Patrick Power', 'Power Ghost', 'Raising Kanan', '50 Cent', 'Power Never Ends', 'Ghost Power']",13.017,Morning,1,5.734121882231936,7778.0,24
y5RZkczWO0c,"spending $895,482,692 to build the biggest water slide in roblox..",2025-12-06 04:34:33+00:00,Foltyn,448156,7218,2391,"['foltyn', 'foltyn roblox', 'family friendly', 'roblox', 'roblox foltyn', 'foltyn family', 'funny', 'no swearing', 'foltyn family roblox', 'roblox foltyn family', 'roblox blade ball', 'foltyn blade ball', 'kid friendly', 'foltyn and caylus', 'caylus and foltyn roblox', 'roblox foltyn and caylus', 'spending $8492942 To Build The TALLEST ROLLERCOASTER In Roblox..', 'Spending $8425395 To Build The BIGGEST ROLERCOASTER In Roblox..', 'Spending $100000 ROBUX for the TALLEST ROLLERCOASTER in Roblox']",14.1,Late Night,1,1.6105998803987898,448156.0,19
yd3Uw0nrWyM,avenged sevenfold - magic (official lyric video),2025-12-06 05:17:41+00:00,Avenged Sevenfold,44083,5807,971,['NaN'],3.717,Late Night,1,13.172878433863394,44083.0,1
JBYLkW--zmI,trigun stargaze | official trailer 2 | crunchyroll,2025-12-06 10:30:15+00:00,Crunchyroll,16741,2053,129,"['trigun', 'trgiun stargaze', 'trigun stargaze anime', 'crunchyroll', 'anime', 'anime pv', 'anime trailer']",1.867,Morning,1,12.263305656770802,16741.0,7
8g50TLYu9hw,a cute christmas cottage! nice life: episode 1,2025-12-05 17:00:27+00:00,GeminiTay,264427,20249,803,"['Minecraft', 'GeminiTay']",45.533,Afternoon,0,7.657690024089825,264427.0,2
M9tsDK05KU8,"sasirekha song promo | mana shankara varaprasad garu |chiranjeevi, nayanthara| bheems|anil ravipudi",2025-12-06 05:37:00+00:00,T-Series Telugu,407604,19998,702,"['Telugu New song', 'Telugu Songs', 'T-Series', 'Telugu Video Songs', 'Telugu Hit songs', 'telugu hit songs', 'telugu songs', 'Latest Telugu Songs 2025', 'sasirekha promo', 'chiranjeevi sasirekha', 'nayanthara sasirekha', 'bheems music', 'anil ravipudi movie', 'sasirekha song promo', 'chiranjeevi new movie promo', 'nayanthara new film', 'bheems mass song', 'chiranjeevi nayanthara', 'anil ravipudi entertainer', 'sasirekha teaser', 'telugu trending promo', 'mega star chiranjeevi', 'south indian movie promo', 'msg song', 'msg']",0.583,Late Night,1,4.906232519798628,407604.0,25
bjwf3M4ZHbk,starship troopers: ultimate bug war! - official announcement trailer (ft. casper van dien),2025-12-04 22:19:44+00:00,IGN,138266,4663,726,"['starship troopers: ultimate bug war!', 'starship troopers', 'starship troopers game', 'starship troopers gameplay', 'starship troopers: ultimate bug war! trailer', 'starship troopers: ultimate bug war! game', 'starship troopers: ultimate bug war! game trailer', 'starship troopers: ultimate bug war! gameplay trailer']",1.0,Night,0,3.3724849203708795,138266.0,8
_VvBgGjQaEY,i upgraded the rarest secrets in steal a brainrot!,2025-12-05 12:04:50+00:00,CashBlox,933240,37175,6506,"['Cash', 'Nico', 'Nico and Cash', 'Cash and Nico', 'Minecraft', 'Minecraft mod', 'family friendly', 'kid friendly']",19.683,Afternoon,0,3.983434057691483,933240.0,8
mSZKZLqO4Is,young thug - revenge (feat. lil gotit & 1300saint) [official video],2025-12-04 20:00:53+00:00,Young Thug,335619,21607,1631,"['Young Thug', 'Young', 'Thug', 'official video', 'young thug', 'young thug leak', 'leaked video', 'young', 'thug', 'young thug new music', 'young thug uy scuti', 'uy scuti young thug', 'uy scuti', 'uy', 'young stoner life', 'ysl records', 'thugger thug', 'Young Thug - Revenge (feat. Lil Gotit & 1300Saint) [Official Video]', 'feat. Lil Gotit & 1300Saint', 'Young Thug Revenge', 'revenge young thug', 'young thug revenge', 'lil gotit', '1300saint', 'young thug lil gotit & 1300saint', 'revenge', 'young thug revenge ft lil gotit 1300saint']",3.5,Evening,0,6.437954942956149,335619.0,27
gIfnDPP27mk,trying new slots after my most painful loss,2025-12-05 19:45:03+00:00,Vegas Matt,256227,10030,1249,"['Las Vegas', 'Vegas', 'gamble', 'handpay', 'slot machine', 'winning', 'losing', 'slots', 'gambling', 'slot', 'vegas matt', 'casino', 'vegasmatt', 'vegas matt slots', 'jackpot', 'slot machine handpay', 'casinos', 'baccarat', 'blackjack', 'roulette', 'get even or even worse', 'sando']",45.967,Evening,0,3.914497691500115,256227.0,22
sgsaxKnZ1sY,"chronic law, skillibeng - no check (official music video)",2025-12-05 22:30:12+00:00,ChronicLawVEVO,106176,9310,589,"['Chronic Law', 'Skillibeng', 'Poppinzrecords\xa0- Collect Di Bread Entertainment', 'Dancehall']",3.15,Night,0,8.768459915611814,106176.0,4
_TDMlMpb6cg,call of duty: black ops 7 - angry review,2025-12-06 01:39:47+00:00,AngryJoeShow,228397,16915,3124,['NaN'],56.75,Late Night,1,7.405964176412125,228397.0,1
brQKOnm398w,puni police (remix),2025-11-14 10:27:41+00:00,LNRS - Topic,131618,3863,119,"['LNRS', 'Shensea', 'Puni Police (Remix)']",3.233,Morning,0,2.9350088893616375,5982.636363636364,3
iiNT7O7wCXg,call of duty league major i qualifiers | day 1,2025-12-06 02:16:04+00:00,Call of Duty League,318710,4413,34,"['Florida Mutineers', 'Los Angeles Guerrillas', 'Minnesota Røkkr', 'Vegas Legion', 'Seattle Surge', 'Toronto Ultra', 'Atlanta FaZe', 'London Royal Ravens', 'New York Subliners', 'OpTic', 'Call of Duty League', 'CDL', 'esports', 'Call of Duty', 'COD', 'COD League', 'Call of Duty League highlights', 'Treyarch', 'Infinity Ward', 'Boston Breach', 'Los Angeles Thieves', 'OpTic Texas', 'CDL2023', 'Call of Duty League 2023', 'Call of Duty: Modern Warfare II', 'Modern Warfare II', 'MWII']",388.95,Late Night,1,1.384644347525964,318710.0,27
fJEE7IXCOgA,sali a buscarle,2025-12-04 23:44:04+00:00,Raúl Beltran - Topic,53762,678,4,"['Raúl Beltran', 'Jaziel Avilez', 'Desde El Rancho 3 Potrillos', 'SALI A BUSCARLE']",3.583,Night,0,1.2611137978497824,53762.0,4
Boh_uh0pBeE,we started an online dynasty in cfb 26!,2025-12-05 23:00:25+00:00,Bordeaux,119061,4183,329,"['ea sports college football 25', 'ncaa football 25', 'college football 25', 'new college football game', 'bordeaux', 'ncaa football 24', 'cfb 25', 'ncaa 25', 'college football 25 rebuild', 'ncaa football 25 rebuild', 'college football 25 dynasty', 'college football 25 road to glory', 'college football 25 gameplay', 'college football 25 bordeaux', 'college football rebuild', 'rebuild', 'cfb 25 rebuild', 'college football 25 tips', 'college football 25 recruiting']",174.65,Night,0,3.513325102258506,119061.0,19
kXFoewY98K8,vicente fernández - la derrota (letra),2025-12-02 21:00:54+00:00,Chilleando Beats,99600,193,1,"['vicente fernandez la derrota', 'la derrota vicente fernandez', 'vicente fernandez la derrota letra', 'vicente fernandez la derrota lyrics', 'lyrics vicente fernandez la derrota', 'vicente fernandez lyrics la derrota', 'la derrota vicente fernandez lyrics', 'la derrota letra vicente fernandez', 'letra la derrota vicente fernandez', 'la derrota lyrics vicente fernandez', 'lyrics la derrota vicente fernandez', 'vicente fernandez la derrota letra lyrics', 'la derrota - vicente fernandez (letra/lyrics)']",3.233,Evening,0,0.19377510040160642,33200.0,13
0tEH_xu4Zww,sammy trapped us in a one block world in steal a brainrot,2025-12-05 22:15:01+00:00,Doodle and Arkey,170109,2587,454,"['Roblox', 'Roblox doors', 'roblox story', 'roblox storytime', 'roblox story new', 'roblox news', 'roblox game', 'roblox doors floor 2', 'roblox doors 2', 'roblox new', 'roblox shorts', 'robloxia', 'roblox brookhaven', 'brookhavenRP', 'Brookhaven roblox', 'Doodle and Arkey', 'Sammy Trapped Us in A ONE BLOCK WORLD in Steal A Brainrot', 'Doodle and arkey steal a brainrot', 'steal a brainrot new', 'new steal a brainrot']",17.05,Night,0,1.5207896113668296,170109.0,20
vlJRucQN7F8,confess your love funk (lyrics video),2025-12-02 15:38:57+00:00,Kakashi,651608,7200,89,"['phonk songs', 'top 10 phonk songs', 'top 10 most viral phonk songs 2025', 'phonk song', 'phonk', 'songs', 'phonk sigma', 'phonk nation', 'phonk mix', 'zxc phonk', 'gym phonk', 'phonk red', 'phonk gym', 'phonk reaction', 'best phonk', 'phonk 2023', 'phonk club', 'phonk 2024', 'phonk 2025', 'hard phonk', 'phonk blue', 'phonk edit', 'phonk 2022', 'phonk skull face', 'phonk music', 'phonk edits', 'phonk drift', 'drift phonk', 'chill phonk', 'house phonk', '1 hour phonk', 'viral phonk', 'sigma phonk', 'tiktok phonk', 'phonk tiktok']",1.317,Afternoon,0,1.1049588095910425,162902.0,35
TN_X1ej02Zc,playing the first roblox games ever,2025-12-06 09:52:55+00:00,Flamingo,186196,14754,2120,"['Family', 'friendly']",17.683,Morning,1,7.9239081398096625,186196.0,2
nrt7Oz-eZSg,pasis - tonton malele,2025-11-20 14:00:06+00:00,Tonton Malele,74300,2531,305,['NaN'],4.333,Afternoon,0,3.406460296096905,4643.75,1
FnVk9zV3GVw,fortnite winterfest is in trouble..,2025-12-05 22:28:57+00:00,Top5Gaming,456703,10691,1083,"['fortnite winterfest', 'Fortnite WINTERFEST Is IN TROUBLE..', 'fortnite', 'fortnite new update', 'fortnite update', 'update fortnite', 'fortnite updates', 'fortnite chapter 7 most hated', 'fortnite most hated', 'winterfest fortnite', 'new fortnite', 'fortnite new updates', 'fortnite update new', 'fortnite winterfest update', 'fortnite chapter 7', 'fortnite chapter 7 update', 'fortnite new chapter 7 update', 'new fortnite updates', 'fort', 'nite', 'battle royale', 'new', 'update', 'video']",10.8,Night,0,2.3409086430349704,456703.0,24
ijkSMCZCbho,bigxthaplug - from the bottom (official music video),2025-12-04 20:00:07+00:00,BigXthaPlug,155619,11520,559,"['bigxthaplug', 'bigxtheplug', 'big x', 'big x the plug', 'big x tha plug', 'bigxtraplug', 'bigx the plug', 'from the bottom', 'bigxthaplug from the bottom', 'bigxthaplug jelly roll', 'bigxthaplug texas', 'bigxthaplug post malone', 'bigxthaplug music video', 'bigxthaplug official music video', 'bigxthaplug from the bottom video', 'form the bottom music video', 'from the bottom official music video', 'bigxthaplug new music', 'bigxthaplug songs', 'bigxthaplug deluxe album', 'bigxthaplug video', 'from the bottom bigx']",2.3,Evening,0,7.402695043664334,155619.0,22
PBjb78EzODw,the worst cuphead rip-off dev ever,2025-12-05 22:00:35+00:00,uhyeah,315552,21821,1649,['NaN'],27.183,Night,0,6.915183551363959,315552.0,1
DPGpKi-erhA,"sean rii, kymvn-j3h - holim u tait (visualizer)",2025-11-20 22:00:06+00:00,SeanRiiVEVO,185225,3628,294,"['Sean Rii', 'Solomon Islands', 'reggae music', 'Pacific reggae', 'island reggae', 'roots reggae', 'reggae 2024', 'island vibes', 'tropical music', 'Pacific music', 'South Pacific reggae', 'Solomon Islands music', 'reggae fusion', 'chill reggae', 'island beats', 'feel-good reggae', 'reggae playlist', 'reggae love songs', 'Polynesian music', 'Melanesian music', 'island life', 'reggae hits', 'Pacific artists', 'Pacific grooves', 'RnB reggae', 'smooth reggae', 'best reggae songs', 'Sean Rii type beat', 'dj noiz']",4.25,Night,0,1.9586988797408555,12348.333333333334,29
8yyeNBwZD1A,tv royale picks my deck in clash royale,2025-12-05 22:28:45+00:00,Jynxzi Live,302347,6998,350,"['TV Royale Picks My Deck in Clash Royale', 'jynxzi', 'clash royale', 'jynxzi clash royale']",35.833,Night,0,2.314559099313041,302347.0,4
lVu3bfK1sIU,frank sinatra - mistletoe and holly [hd] | live from happy holidays with bing & frank (1957),2025-11-28 16:01:31+00:00,Frank Sinatra,100133,1939,84,"['Frank Sinatra', 'frank sinatra my way', 'frank sinatra fly me to the moon', 'frank sinatra new york', 'frank sinatra music', 'frank sinatra bing crosby', 'happy holidays with bing and frank', 'bing and frank', 'frank sinatra christmas', 'frank sinatra holiday special', 'frank sinatra bing crosby holiday special', 'christmas music', 'happy holidays', 'frank and bing happy holidays', 'frank and bing christmas special', 'mistletoe and holly', 'frank sinatra mistloe and holly', 'mistletoe and holly frank sinatra']",2.3,Afternoon,0,1.936424555341396,12516.625,18
UCCyW9l7Bng,"steal a brainrot, but you can upgrade brainrots!",2025-12-05 20:09:13+00:00,KAYE,427870,5370,1888,"['Steal A Brainrot', 'But You Can Upgrade Brainrots!', 'kaye', 'roblox', 'upgrade']",18.85,Evening,0,1.2550541052188748,427870.0,5
3SgMStGKTwY,coe wiki x kay glizz - get out my way pt2 (official music video),2025-12-05 21:00:06+00:00,Deevisions 🎥,24838,1979,156,['NaN'],2.617,Evening,0,7.967630243980997,24838.0,1
MxgEVlnU85s,ultimate astra malorum easter egg guide (black ops 7 zombies easter egg tutorial/walkthrough),2025-12-05 07:11:05+00:00,MrRoflWaffles,243353,5090,811,"['mrroflwaffles', 'mr rofl waffles', 'mr rolf waffles', 'rolf', 'woffle', 'roffle', 'milo', 'zombies', 'mr roffle woffles', 'roffle waffle']",27.667,Morning,0,2.0916117738429363,243353.0,10
anrL_xCLnfo,alicia keys - feeling good / the christmas song ft. jon batiste (apple music live holiday ball),2025-12-04 16:15:42+00:00,Alicia Keys,127554,7451,305,['NaN'],8.367,Afternoon,0,5.841447543785377,63777.0,1
gXKbQJMQMWs,finding all 8 new brainrots in find the brainrot!,2025-12-05 21:45:03+00:00,Nizarisaqt,202321,2649,972,['NaN'],14.35,Evening,0,1.3093055095615382,202321.0,1
qPD5JXGiLPU,fuerza regida - pero no te enamores (letra),2025-12-04 17:00:06+00:00,Latin Love,144311,270,0,"['latin', 'latinLove', 'Latin Love', 'Letra', 'Lyrics', 'Fuerza Regida', 'Pero No Te Enamores', 'Pero No Te Enamores (Letra)', 'Fuerza Regida - Pero No Te Enamores (Letra)']",3.017,Afternoon,0,0.18709592477357928,144311.0,9
5Db1ARG6DDw,"michael dlc info breakdown: pets, mansions, gyms, trophies + more!",2025-12-05 16:42:19+00:00,TGG,344001,19631,2485,"['gta 5', 'gta online', 'gta 6', 'grand theft auto', 'making money gta', 'get rich gta']",27.917,Afternoon,0,5.706669457356229,344001.0,6
8JSFXMONgvs,"christmas songs christmas songs playlist 2026 🎄 mariah carey, ariana grande, taylor swift",2025-12-04 11:00:17+00:00,Seasonal Notes ,128079,575,25,"['christmas songs', 'christmas music', 'merry christmas', 'best christmas songs of all time', 'top christmas songs of all time', 'top 100 christmas songs', 'top 100 christmas songs of all time', 'christmas songs playlist', 'best christmas songs', 'christmas playlist', 'classic christmas songs', 'christmas songs medley', 'christmas songs 2026', 'top christmas songs', 'top christmas song', 'best christmas music', 'Christmas Songs Christmas Songs Playlist 2026 🎄', 'Mariah Carey', 'Ariana Grande', 'Taylor Swift']",93.333,Morning,0,0.448941668813779,64039.5,20
JQ5WU834ZD8,i trained like a surgeon for 67 hours,2025-12-06 01:00:32+00:00,EYstreem,281895,4597,516,"['Eystreem', 'eyestream', 'eystream', 'minecraft', 'roleplay', 'funny', 'troll', 'prank', 'secret', 'hidden', 'tutorial', 'minecraft phone', 'minecraft bedrock edition', 'I Trained Like a SURGEON for 24 Hours', 'surgery in minecraft', 'eystreem needs surgery in minecraft', 'minecraft surgery', 'surgery', 'minecraft surgeon', 'brain surgery', 'minecraft pranks', 'eystreem pranking', 'pranking my friends in minecraft', 'minecraft troll', '24 hours', '24 hours in minecraft', 'overnight in minecraft']",46.35,Late Night,1,1.6307490377622875,281895.0,27
0hVAnzxxe0Q,mexikodro - stuck || shot by. @jwoods_14 (official music video),2025-12-05 16:12:27+00:00,MexikoDro Beats,43870,7285,631,"['MexikoDro', 'Tony Shhnow', '10k Dunkin', 'Liquor', 'Music Video', 'New Music', 'Official Video', 'Rap', 'Trap', 'Hip Hop', 'Youtube Music', 'BTS', 'ASMR', 'Lo Fi Hip Hop', 'Arianna Grande', 'Crypto', 'PewDie Pie', 'Type Beat', 'Bape Brazy Type Beat', 'Qvan', 'Plug Beats', 'Plug', 'Plugg', 'BeatPluggz', 'Beat Pluggs', 'WWE', 'Tik Tok Songs', 'Tik Tok Rapper', 'Cardi B', 'NFT', 'Investments']",2.15,Afternoon,0,16.60588101208115,43870.0,31
S5-mVaa7eMA,i've been naughty! | nice life | ep.1,2025-12-05 17:00:52+00:00,SmallishBeans,206873,18130,815,"['Small Beans', 'Smallishbeans', 'Smallerbeans', 'smallbeans', 'minecraft', 'gaming', 'video', 'gamer', 'mine craft', 'speed builders', 'minecraft speed builders', 'building game', 'build game', 'minigame', 'mini game', 'hermitcraft', 'nice life', 'life series', 'third life', 'last life', 'nicelife', 'ep 1', 'episode 1', 'episode1', 'ep1', 'ep.1']",68.933,Afternoon,0,8.763830949423076,206873.0,26
U7KA-N-5B94,bilmuri - hard2tell (official music video),2025-12-05 05:00:07+00:00,Bilmuri,92939,9430,1132,['NaN'],3.967,Late Night,0,10.146440138155134,92939.0,1
hkjzIf4mJZs,cdl watch party opening day! // reddit x community | code zoomaa | !tiktok !yt !discord !community,2025-12-06 02:05:40+00:00,ZooMaa Live,132464,1682,20,['NaN'],417.267,Late Night,1,1.2697789588114505,132464.0,1
iJ4pMhOH_bQ,dean martin - silver bells (official lyric video),2025-11-28 16:01:15+00:00,Dean Martin,129446,426,17,"['dean martin', 'dino', 'dean martin music', 'oldies', 'dean martin lyric video', 'dean martin lyrics', 'dean martin song', 'dean martin songs', 'dean martin hits', 'dean martin roast', 'dean martin lyric', 'dean martin christmas', 'rat pack', 'king of cool', 'dean martin greatest hits', 'lounge classics', 'dean martin best songs', 'dean martin playlist', 'silver bells', 'silver bells lyrics', 'dean martin silver bells lyrics', 'dean martin silver bells', 'silevr bells dean martin', 'dean martin christmas songs', 'christmas']",2.383,Afternoon,0,0.3290947576595646,16180.75,25
w0FhQxZ5g7A,uno moments that broke our sanity!,2025-12-05 22:01:09+00:00,Clooless Gaming,105211,9371,202,['NaN'],48.383,Night,0,8.906863350790317,105211.0,1
R5yF05mC870,gerardo diaz y su gerarquia - pasito a pasito (video oficial),2025-12-05 23:00:41+00:00,AfinArte Music,39626,1734,72,"['afinarte', 'music']",2.767,Night,0,4.375914803411901,39626.0,2
ZTMfXwrZM08,"if we scream, we die!! (don't scream together)",2025-12-05 16:38:16+00:00,RDC Live,143798,7060,365,"['rdc', 'rdc live', 'rdc stream', 'rdc game', 'rdc play']",56.233,Afternoon,0,4.909664946661288,143798.0,5
j6EVd0335Xk,mini world (dj m3llow ),2025-11-12 04:36:05+00:00,Motbb Vibes - Topic,71136,1746,118,"['Motbb Vibes', 'MINI WORLD (DJ M3LLOW )']",4.017,Late Night,0,2.4544534412955463,2964.0,2
GplaeMxr9OM,im working with a guy that doesnt know how to take no for an answer | no means nothing,2025-12-06 09:02:00+00:00,Kubz Scouts,73496,9539,618,"['kubz', 'scouts', 'kubz scouts', 'no means nothing', 'no means nothing kubz scouts', 'no means nothing horror game', 'bober bros', 'kubz scouts scary games', 'commentary', 'all endings']",52.2,Morning,1,12.978937629258736,73496.0,10
M_rRD2FYiSo,ella fitzgerald - jingle bells (cozy holiday fireplace),2025-12-01 05:00:34+00:00,EllaFitzgeraldVEVO,90456,129,3,"['Ella Fitzgerald', 'Verve', 'Holiday']",2.433,Late Night,0,0.14261077208808703,18091.2,3
ihR7Ss39gn0,an ancient tree in a hidden forest🌳,2025-12-06 05:00:56+00:00,CookieRun: Kingdom,93675,13882,1302,['NaN'],0.35,Late Night,1,14.81932212436616,93675.0,1
